{
  "schemaVersion": 1,
  "id": "chickenbumblebee",
  "version": "1.0.0",
  "name": "CHICKENBUMBLEBEE",
  "authors": [
    "EliAv, MCreator"
  ],
  "contact": {
    "homepage": "https://mcreator.net",
    "sources": ""
  },
  "license": "Academic Free License v3.0",
  "environment": "*",
  "entrypoints": {
    "main": [
      "niceeli.chickenbumblebee.ChickenbumblebeeMod"
    ],
    "client": [
      "niceeli.chickenbumblebee.ClientInit"
    ]
  },
  "depends": {
    "fabricloader": ">=0.14.21",
    "fabric": "*",
    "minecraft": "~1.20",
    "java": ">=17"
  },
  "mixins": [
    "chickenbumblebee.mixins.json"
  ]
}